Table,Indicator
tblAgeIndicators,Area
tblAgeIndicators,Biomass
tblAgeIndicators,DOM
tblAgeIndicators,AveAge
tblDistIndicators,DistArea
tblDistIndicators,DistProduct
tblFluxIndicators,CO2Production
tblFluxIndicators,CH4Production
tblFluxIndicators,COProduction
tblFluxIndicators,BioCO2Emission
tblFluxIndicators,BioCH4Emission
tblFluxIndicators,BioCOEmission
tblFluxIndicators,DOMCO2Emission
tblFluxIndicators,DOMCH4Emssion
tblFluxIndicators,DOMCOEmission
tblFluxIndicators,SoftProduction
tblFluxIndicators,HardProduction
tblFluxIndicators,DOMProduction
tblFluxIndicators,DeltaBiomass_AG
tblFluxIndicators,DeltaBiomass_BG
tblFluxIndicators,DeltaDOM
tblFluxIndicators,BiomassToSoil
tblFluxIndicators,MerchLitterInput
tblFluxIndicators,FolLitterInput
tblFluxIndicators,OthLitterInput
tblFluxIndicators,SubMerchLitterInput
tblFluxIndicators,CoarseLitterInput
tblFluxIndicators,FineLitterInput
tblFluxIndicators,VFastAGToAir
tblFluxIndicators,VFastBGToAir
tblFluxIndicators,FastAGToAir
tblFluxIndicators,FastBGToAir
tblFluxIndicators,MediumToAir
tblFluxIndicators,SlowAGToAir
tblFluxIndicators,SlowBGToAir
tblFluxIndicators,SWStemSnagToAir
tblFluxIndicators,SWBranchSnagToAir
tblFluxIndicators,HWStemSnagToAir
tblFluxIndicators,HWBranchSnagToAir
tblFluxIndicators,BlackCarbonToAir
tblFluxIndicators,PeatToAir
tblFluxIndicators,LandClassID
tblFluxIndicators,MerchToAir
tblFluxIndicators,FolToAir
tblFluxIndicators,OthToAir
tblFluxIndicators,SubMerchToAir
tblFluxIndicators,CoarseToAir
tblFluxIndicators,FineToAir
tblFluxIndicators,GrossGrowth_AG
tblFluxIndicators,GrossGrowth_BG
tblPoolIndicators,VFastAG
tblPoolIndicators,VFastBG
tblPoolIndicators,FastAG
tblPoolIndicators,FastBG
tblPoolIndicators,Medium
tblPoolIndicators,SlowAG
tblPoolIndicators,SlowBG
tblPoolIndicators,SWStemSnag
tblPoolIndicators,SWBranchSnag
tblPoolIndicators,HWStemSnag
tblPoolIndicators,HWBranchSnag
tblPoolIndicators,BlackCarbon
tblPoolIndicators,Peat
tblPoolIndicators,SW_Merch
tblPoolIndicators,SW_Foliage
tblPoolIndicators,SW_Other
tblPoolIndicators,SW_subMerch
tblPoolIndicators,SW_Coarse
tblPoolIndicators,SW_Fine
tblPoolIndicators,HW_Merch
tblPoolIndicators,HW_Foliage
tblPoolIndicators,HW_Other
tblPoolIndicators,HW_subMerch
tblPoolIndicators,HW_Coarse
tblPoolIndicators,HW_Fine
tblNIRSpecialOutput,Area
tblNIRSpecialOutput,SW_MerchC
tblNIRSpecialOutput,SW_FoliageC
tblNIRSpecialOutput,SW_OtherC
tblNIRSpecialOutput,SW_CoarseC
tblNIRSpecialOutput,SW_FineC
tblNIRSpecialOutput,HW_MerchC
tblNIRSpecialOutput,HW_FoliageC
tblNIRSpecialOutput,HW_OtherC
tblNIRSpecialOutput,HW_CoarseC
tblNIRSpecialOutput,HW_FineC
tblNIRSpecialOutput,VF_AG_C
tblNIRSpecialOutput,VF_BG_C
tblNIRSpecialOutput,F_AG_C
tblNIRSpecialOutput,F_BG_C
tblNIRSpecialOutput,MediumC
tblNIRSpecialOutput,Slow_AG_C
tblNIRSpecialOutput,Slow_BG_C
tblNIRSpecialOutput,SW_StemSnag_C
tblNIRSpecialOutput,HW_StemSnag_C
tblNIRSpecialOutput,SW_BranchSnag_C
tblNIRSpecialOutput,HW_BranchSnag_C
tblNIRSpecialOutput,BlackC
tblNIRSpecialOutput,PeatC
